total_packets,total_bytes,unique_src_ips,max_per_src,avg_pkt_size,tcp_ratio,udp_ratio,icmp_ratio,syn_ratio,src_entropy,label
120,49896,9,29,403.657757,0.839961,0.156745,0.001939,0.065051,0.322484,0
94,35012,11,24,403.238745,0.920351,0.032694,0.033239,0.087165,0.229916,0
130,60514,17,25,496.049275,0.955833,0.044167,0.000000,0.079856,0.411421,0
5480,3481156,505,31,513.709423,0.025901,0.921051,0.048340,0.048465,0.786595,1
110,74475,16,14,584.099447,0.800444,0.199532,0.000012,0.020000,0.161558,0
11355,737405,104,373,67.983697,0.941346,0.058103,0.000377,0.636993,0.883745,1
48,17397,11,8,329.904526,0.776489,0.192950,0.004302,0.116315,0.578070,0
3515,2712329,139,52,685.262584,0.949661,0.039590,0.006081,0.142829,0.846462,1
312,147000,12,51,470.035487,0.945402,0.054598,0.000000,0.115687,0.463793,0
121,44933,13,12,394.790627,0.950109,0.049891,0.000000,0.040201,0.634014,0
15520,8292988,393,91,579.530625,0.142550,0.857450,0.000000,0.014787,0.724557,1
15790,993289,83,502,64.925469,0.978523,0.004580,0.011850,0.606131,0.747793,1
5779,2980302,281,66,562.897199,0.972989,0.027011,0.000000,0.096683,0.743420,1
131,62207,4,88,436.306101,0.942818,0.057182,0.000000,0.081097,0.304466,0
10418,5963997,169,214,553.905270,0.070137,0.929863,0.000000,0.033123,0.786176,1
182,145733,12,21,733.068246,0.822071,0.177388,0.000074,0.095081,0.522579,0
156,53116,12,34,305.478463,0.870189,0.089723,0.016614,0.026302,0.439967,0
137,115763,13,15,804.066084,0.927671,0.072329,0.000000,0.023316,0.635922,0
190,81066,6,82,458.194645,0.787375,0.198217,0.010652,0.042916,0.318187,0
14806,1368282,188,205,73.810180,0.925674,0.001767,0.022919,0.976006,0.710075,1
208,79985,13,30,321.524362,0.892836,0.107164,0.000000,0.114235,0.247894,0
293,153396,1,293,469.484007,0.902072,0.097928,0.000000,0.069902,0.473817,0
122,92140,7,27,780.996750,0.825869,0.082170,0.041668,0.064923,0.477304,0
205,191269,18,35,944.549316,0.960296,0.039704,0.000000,0.071878,0.244637,0
20998,19892137,3,6450,810.296854,0.930367,0.041417,0.003598,0.118570,0.239080,1
6724,2002531,354,72,253.271231,0.259602,0.723223,0.000373,0.065755,0.743320,1
16771,1447484,446,72,83.146694,0.911626,0.063757,0.005191,0.865775,0.811649,1
23904,3833133,971,77,175.316363,0.081828,0.918172,0.000000,0.017021,0.741617,1
8754,8181114,327,88,931.479802,0.956659,0.002351,0.011445,0.030064,0.885289,1
308,225734,7,136,675.763550,0.925139,0.074861,0.000000,0.073517,0.284359,0
3667,300369,273,46,88.953599,0.867100,0.048123,0.008964,0.704983,0.863715,1
213,181040,8,67,717.511089,0.923019,0.076981,0.000000,0.018463,0.231225,0
287,277811,6,146,844.940549,0.811365,0.159601,0.003138,0.105938,0.579297,0
190,98664,3,190,521.202036,0.771402,0.052103,0.034589,0.043683,0.440778,0
12309,21167168,326,95,1368.757927,0.916259,0.010098,0.010175,0.069102,0.721514,1
219,135368,10,56,738.299176,0.824619,0.083195,0.014592,0.052658,0.192350,0
16406,1901403,444,128,91.671711,0.927631,0.017854,0.000645,0.912439,0.731071,1
20564,1581170,2,13858,67.860791,0.917434,0.021936,0.012323,0.611366,0.404322,1
15918,14938609,745,52,900.597581,0.940728,0.005846,0.013178,0.020395,0.729770,1
17858,14631452,152,318,815.984964,0.904790,0.008917,0.004597,0.026455,0.838037,1
307,177008,9,87,659.447528,0.905299,0.054689,0.004797,0.107932,0.273108,0
408,209034,9,66,484.993370,0.849996,0.096208,0.047691,0.106344,0.281695,0
9484,6460106,5,3600,552.088915,0.146665,0.752202,0.016891,0.030184,0.255409,1
50000,6698373,5,17431,117.915051,0.853635,0.068131,0.020419,0.719493,0.532280,1
121,97696,11,21,720.492434,0.919864,0.028050,0.037910,0.015048,0.573999,0
121,50332,2,86,407.090727,0.944555,0.055445,0.000000,0.093943,0.286396,0
194,149581,10,38,664.886498,0.914293,0.085707,0.000000,0.037252,0.368879,0
9257,4706990,554,57,487.897983,0.150104,0.786296,0.036015,0.065026,0.936015,1
5996,4276809,4,4891,574.756124,0.244991,0.735271,0.013001,0.014079,0.233572,1
620,326211,12,173,442.544351,0.904409,0.095591,0.000000,0.055796,0.220609,0
185,198549,7,32,932.685944,0.880631,0.030387,0.049150,0.041302,0.644550,0
223,134148,6,106,656.490336,0.887165,0.074189,0.034317,0.119502,0.321366,0
84,42901,23,6,622.736376,0.897963,0.086623,0.003622,0.060500,0.524631,0
320,150377,15,63,581.582665,0.926542,0.011691,0.045576,0.081211,0.440571,0
208,136479,10,59,547.346372,0.771396,0.185042,0.039087,0.067174,0.500423,0
173,94147,7,72,592.788618,0.790397,0.035110,0.026970,0.116864,0.415426,0
421,368231,5,139,882.621089,0.971700,0.028300,0.000000,0.109873,0.194730,0
546,337567,11,94,632.885695,0.813175,0.020673,0.025367,0.044145,0.373957,0
198,128807,9,65,591.196095,0.774515,0.090778,0.008794,0.115376,0.408979,0
517,228707,9,173,432.967598,0.956052,0.043948,0.000000,0.081702,0.310763,0
14501,6466904,464,86,423.894140,0.041943,0.958057,0.000000,0.067159,0.712736,1
151,78837,7,51,626.086443,0.895576,0.073686,0.025157,0.092625,0.486398,0
138,73054,10,38,566.512111,0.842993,0.041358,0.023370,0.024039,0.461128,0
3523,4318414,468,26,1053.900276,0.901197,0.039348,0.009203,0.092916,0.872689,1
5359,5179712,146,103,854.383451,0.972414,0.027586,0.000000,0.149187,0.819590,1
333,141996,6,110,428.932323,0.906987,0.019198,0.004979,0.096228,0.379791,0
7585,3172031,7,2948,366.187842,0.163301,0.678834,0.009723,0.025421,0.541522,1
13434,1896121,219,176,126.802351,0.961546,0.032587,0.003810,0.890745,0.972690,1
191,156173,13,31,776.216516,0.972025,0.027975,0.000000,0.031936,0.330551,0
539,276506,13,68,498.971269,0.877241,0.023971,0.025213,0.094084,0.283860,0
8477,807909,340,43,78.959911,0.937347,0.004394,0.026564,0.726772,0.790819,1
261,162663,5,156,541.384883,0.897153,0.044573,0.048313,0.057588,0.605356,0
8110,3005414,193,102,342.453818,0.121801,0.878199,0.000000,0.014194,0.718947,1
381,328062,21,38,737.658719,0.802536,0.148162,0.006469,0.090748,0.422846,0
5109,3884506,1028,20,748.394965,0.924540,0.025171,0.018242,0.084077,0.751309,1
200,157899,4,133,858.731439,0.890063,0.039039,0.038126,0.069332,0.539313,0
13254,6665358,77,348,417.990787,0.235611,0.764389,0.000000,0.065749,0.765442,1
160,70899,7,77,413.506256,0.835563,0.154986,0.005424,0.068241,0.349017,0
3756,424038,251,54,98.519187,0.897035,0.050277,0.022947,0.696002,0.920402,1
327,342109,13,35,887.532843,0.861778,0.023150,0.038030,0.094242,0.208196,0
258,111027,13,66,426.453841,0.796980,0.146076,0.011934,0.053536,0.479845,0
162,93182,8,32,565.225096,0.953663,0.046337,0.000000,0.038963,0.382529,0
5680,1627191,185,66,311.438288,0.194371,0.739804,0.009389,0.001552,0.900255,1
21561,29004972,750,89,1242.592042,0.912160,0.056909,0.010786,0.126350,0.849460,1
240,206227,8,83,765.934035,0.818410,0.023865,0.002996,0.058357,0.392126,0
17799,2576604,4,11259,112.062070,0.857129,0.000787,0.018912,0.856630,0.316310,1
9177,7781279,113,316,878.801229,0.915380,0.020112,0.017426,0.175281,0.780859,1
92,51164,17,17,508.504318,0.974336,0.025664,0.000000,0.071782,0.295558,0
6159,720070,58,164,106.945202,0.925321,0.020380,0.015698,0.661223,0.863241,1
31405,21329189,7,27461,541.257682,0.069676,0.930324,0.000000,0.023845,0.204460,1
9102,7021043,610,50,597.448575,0.186752,0.813248,0.000000,0.028221,0.707532,1
131,83610,13,12,599.618166,0.753418,0.160097,0.011897,0.045615,0.231123,0
245,192280,15,34,785.117428,0.879185,0.059738,0.013014,0.059090,0.638183,0
2908,1739603,1052,20,495.046162,0.203823,0.796177,0.000000,0.036867,0.787391,1
18387,1025072,273,176,60.000000,0.966552,0.033448,0.000000,0.651800,0.734951,1
134,98074,15,20,856.756851,0.904212,0.095788,0.000000,0.056104,0.511135,0
12030,1088206,88,314,73.211485,0.984733,0.015267,0.000000,0.906767,0.864890,1
26480,1692995,578,151,60.000000,0.974888,0.025112,0.000000,0.887115,0.788341,1
14267,1165673,6,11332,74.560105,0.919836,0.042342,0.013202,0.950345,0.257738,1
3000,280778,6,2646,77.515594,0.924710,0.012149,0.000748,0.950360,0.418458,1
492,280745,8,190,691.421593,0.959159,0.040841,0.000000,0.025375,0.623131,0
101,66567,11,25,711.984421,0.905924,0.094076,0.000000,0.072151,0.636948,0
114,59694,14,14,488.980615,0.977856,0.015906,0.002523,0.059742,0.516039,0
9612,4362693,324,50,482.745177,0.079259,0.920741,0.000000,0.001445,0.913805,1
197,86601,15,26,535.158569,0.752204,0.035942,0.040761,0.116021,0.392719,0
279,74149,6,130,272.514624,0.777928,0.194898,0.016546,0.036323,0.229189,0
10864,769352,180,100,60.000000,0.853234,0.072777,0.019861,0.954388,0.946033,1
62,43653,16,12,632.055388,0.904530,0.095470,0.000000,0.102470,0.576247,0
224,258325,18,28,989.759897,0.777017,0.168107,0.024919,0.088826,0.388436,0
73,25393,9,15,404.508779,0.869679,0.032086,0.010270,0.074146,0.195471,0
229,108759,3,116,548.173080,0.797523,0.049319,0.002968,0.048590,0.290543,0
7895,457852,5,5740,60.000000,0.957765,0.004732,0.010594,0.746048,0.314099,1
4812,2187215,194,52,350.461780,0.119645,0.880355,0.000000,0.039479,0.841698,1
3000,2808552,523,20,882.523682,0.918238,0.020241,0.016718,0.152827,0.970114,1
227,191686,9,68,1005.214504,0.811301,0.165094,0.021652,0.016150,0.648196,0
53,17426,9,7,387.028007,0.835667,0.122868,0.007363,0.105753,0.443440,0
8458,13968396,331,60,1359.816093,0.963691,0.031524,0.004579,0.113709,0.947351,1
242,166658,4,178,625.053028,0.853248,0.146752,0.000000,0.079883,0.462261,0
8342,8175671,4,4393,943.339894,0.943906,0.019004,0.011167,0.136036,0.489760,1
14770,1055813,463,97,60.000000,0.979390,0.020610,0.000000,0.617076,0.741350,1
2936,4619525,201,55,1298.424238,0.957999,0.042001,0.000000,0.034417,0.728111,1
640,206136,6,338,370.131532,0.956320,0.043680,0.000000,0.019541,0.484628,0
18617,2535560,5,15687,119.769101,0.932294,0.010801,0.000369,0.856719,0.250393,1
60,35453,15,5,628.717956,0.762249,0.105381,0.011789,0.119398,0.327456,0
14442,2516717,619,60,135.556658,0.974846,0.025154,0.000000,0.766805,0.863834,1
17559,8095698,96,292,391.217460,0.053809,0.760716,0.007062,0.033212,0.727991,1
166,87460,10,51,511.746138,0.840850,0.015602,0.034161,0.029009,0.257358,0
265,118670,8,63,526.232505,0.956766,0.043234,0.000000,0.108882,0.255038,0
7821,7217820,124,217,895.521849,0.902232,0.037051,0.004407,0.084331,0.914787,1
139,106260,12,34,680.528456,0.792106,0.139145,0.016782,0.019823,0.323642,0
7436,3499688,1148,24,473.897427,0.929269,0.047989,0.013290,0.093733,0.906056,1
14704,978418,241,214,60.000000,0.886093,0.000547,0.022309,0.553059,0.814477,1
6175,2301990,5,4305,310.493323,0.194151,0.700403,0.004817,0.006121,0.396100,1
7458,947958,90,271,99.033759,0.947084,0.015239,0.017006,0.897311,0.879435,1
5433,1315368,706,28,248.346447,0.094221,0.855857,0.048260,0.069708,0.729773,1
20876,1402986,211,385,60.000000,0.895283,0.024072,0.016369,0.711277,0.700055,1
17288,18804209,676,48,1064.850476,0.954517,0.006054,0.008320,0.198878,0.931826,1
5970,2468634,765,20,423.753376,0.050151,0.787174,0.016357,0.044964,0.759858,1
574,350324,8,231,510.643284,0.863212,0.068720,0.024522,0.019928,0.266312,0
197,159675,5,87,699.056644,0.770192,0.139567,0.042276,0.045155,0.323713,0
218,187489,6,59,871.185471,0.775909,0.040874,0.022946,0.038299,0.243100,0
16712,16724413,328,145,991.755812,0.925791,0.031937,0.015456,0.140802,0.853822,1
4199,560393,1565,20,109.568320,0.872824,0.021788,0.015101,0.907577,0.924722,1
4874,485492,576,26,84.830760,0.912330,0.030804,0.012174,0.807251,0.717215,1
28062,10855778,327,196,385.246042,0.031522,0.728509,0.015831,0.010118,0.796277,1
211,128129,16,34,658.933738,0.856703,0.122421,0.010299,0.094987,0.235711,0
8743,4722826,516,41,561.092339,0.175383,0.824617,0.000000,0.002609,0.781085,1
8960,504968,1,3791,60.000000,0.972343,0.027657,0.000000,0.880877,0.214621,1
212,87881,7,58,422.074025,0.793390,0.142525,0.028590,0.035692,0.537772,0
10252,11291048,8,8680,1035.002859,0.921634,0.044786,0.015311,0.171942,0.453571,1
111,84313,4,66,696.295450,0.775573,0.064739,0.015058,0.015252,0.359913,0
170,127419,3,170,717.477482,0.900415,0.011486,0.040855,0.042932,0.481694,0
77,56851,10,20,777.780951,0.903354,0.096646,0.000000,0.063664,0.153306,0
16176,5990502,573,96,381.344049,0.982907,0.007960,0.006488,0.195532,0.857438,1
252,101935,5,138,450.962007,0.872140,0.127860,0.000000,0.055463,0.508679,0
320,235787,22,23,820.925837,0.786831,0.116371,0.047923,0.035504,0.328524,0
198,168918,7,81,761.404540,0.768153,0.124466,0.041117,0.070002,0.310606,0
3771,6386166,189,74,1311.568932,0.977188,0.022812,0.000000,0.090736,0.956449,1
90,37299,8,31,487.729793,0.910939,0.089061,0.000000,0.064317,0.190221,0
256,169509,10,40,562.581274,0.954643,0.039850,0.000558,0.032611,0.244992,0
6406,6473493,6,4116,954.454167,0.985958,0.014042,0.000000,0.179429,0.400099,1
9977,10923417,6,8514,1119.939640,0.935644,0.034135,0.019202,0.169768,0.391643,1
223,115320,16,42,458.620673,0.804342,0.037824,0.009864,0.076264,0.518108,0
260,80515,8,88,369.499645,0.807173,0.075692,0.033815,0.052336,0.569517,0
315,252482,4,229,691.642572,0.859175,0.059246,0.012362,0.080143,0.532907,0
8242,2569449,701,35,313.998540,0.100643,0.656866,0.009610,0.027508,0.935891,1
287,163985,5,107,631.900805,0.945779,0.054221,0.000000,0.074193,0.622150,0
5900,2187962,468,29,357.330371,0.135803,0.687135,0.018263,0.015239,0.930044,1
128,129161,7,49,852.065384,0.790067,0.194061,0.011008,0.112173,0.543496,0
27052,2999025,6,22515,106.801657,0.986174,0.013826,0.000000,0.901412,0.202639,1
543,385063,12,90,699.175383,0.844505,0.082778,0.024279,0.076986,0.164733,0
123,68606,11,26,487.120233,0.896995,0.103005,0.000000,0.074571,0.321962,0
285,134785,19,20,584.790668,0.957574,0.042426,0.000000,0.109559,0.546678,0
365,168485,5,205,477.765042,0.768958,0.111947,0.030802,0.040521,0.304953,0
6059,8915012,81,142,1267.327139,0.965070,0.023422,0.004797,0.189415,0.758018,1
18561,1882746,971,55,88.966462,0.855685,0.032812,0.003472,0.671953,0.781365,1
8325,10719670,114,151,1092.446472,0.934311,0.035343,0.014828,0.157077,0.940535,1
14353,1901019,133,322,105.350850,0.949862,0.029802,0.002008,0.611258,0.766218,1
13666,4624550,603,66,358.566636,0.057657,0.812188,0.035786,0.038996,0.833255,1
89,42876,1,89,419.173951,0.884030,0.036871,0.017491,0.116447,0.499240,0
8614,2519764,6,3569,308.467977,0.104971,0.895029,0.000000,0.015674,0.335173,1
5068,4070424,3,3254,764.240640,0.925362,0.005064,0.007352,0.090829,0.208294,1
4729,2565791,243,40,558.000007,0.932982,0.035363,0.008793,0.192395,0.731597,1
150,95087,1,150,658.579900,0.785547,0.186677,0.024015,0.117383,0.555386,0
11326,779766,9,3804,60.000000,0.901996,0.008948,0.004731,0.589303,0.457830,1
819,401347,3,462,450.270939,0.853858,0.053414,0.016947,0.059885,0.357995,0
164,100356,8,29,731.010658,0.944924,0.055076,0.000000,0.090270,0.418114,0
5468,532351,101,180,88.899396,0.958336,0.013038,0.003861,0.790497,0.768949,1
40,29094,8,8,631.025917,0.856883,0.125963,0.006501,0.013157,0.575476,0
11525,1646527,519,72,113.756516,0.917133,0.031157,0.010877,0.901327,0.708053,1
21454,11853568,610,53,604.022894,0.081921,0.916777,0.001276,0.077384,0.975594,1
107,83444,5,58,695.950984,0.977215,0.022785,0.000000,0.108057,0.456326,0
134,122349,17,9,792.766180,0.794336,0.168257,0.031309,0.037444,0.364224,0
5270,5150181,442,37,907.543513,0.916015,0.042865,0.017854,0.115814,0.884811,1
14254,14364207,6,6065,782.273967,0.911258,0.000833,0.002238,0.022859,0.459449,1
95,65985,7,35,648.715578,0.807229,0.141770,0.017217,0.024182,0.341775,0
15713,1924444,9,10453,118.747991,0.942719,0.032164,0.005290,0.962367,0.201712,1
11027,5360292,499,47,447.103582,0.067563,0.709193,0.024642,0.027134,0.787715,1
8307,10239901,5,6489,948.562115,0.908074,0.041906,0.016610,0.150513,0.553573,1
12785,4236902,263,84,266.430752,0.127929,0.725839,0.005429,0.016188,0.833243,1
542,307880,7,240,620.982739,0.910097,0.036371,0.035277,0.059346,0.152626,0
256,145336,11,38,498.824261,0.838479,0.101810,0.011860,0.072911,0.435406,0
211,121080,9,29,481.818284,0.937026,0.062974,0.000000,0.110075,0.203508,0
521,313001,8,104,544.731246,0.976405,0.023595,0.000000,0.023880,0.361687,0
9953,6507873,68,292,589.545729,0.975725,0.017156,0.006032,0.165495,0.910052,1
187,101263,1,187,544.217528,0.790670,0.130555,0.000236,0.040088,0.530597,0
6397,3943660,7,5296,585.141025,0.187881,0.726927,0.032986,0.000849,0.447692,1
18538,24454616,461,102,1046.294340,0.947829,0.045143,0.000655,0.138691,0.944951,1
4864,424946,866,22,77.724323,0.988873,0.011127,0.000000,0.658756,0.776730,1
179,161916,10,32,857.530588,0.920483,0.079517,0.000000,0.011064,0.187622,0
7807,4402238,136,184,480.429644,0.192950,0.736394,0.045366,0.029571,0.899734,1
151,51842,6,59,385.172672,0.760129,0.173956,0.012228,0.061894,0.341490,0
16390,1546876,560,86,88.643653,0.900443,0.055749,0.024300,0.697980,0.881962,1
5209,6048423,187,80,978.320629,0.921533,0.010473,0.013833,0.127329,0.753733,1
17112,5482917,348,176,347.023370,0.104652,0.895348,0.000000,0.063540,0.721822,1
226,155890,7,47,634.276414,0.776223,0.030190,0.009932,0.031972,0.281497,0
6554,4053318,117,123,607.709528,0.982891,0.017109,0.000000,0.173798,0.735408,1
129,66005,12,29,592.861315,0.940069,0.059931,0.000000,0.101952,0.309897,0
114,42190,8,47,426.639696,0.785465,0.135159,0.036032,0.076565,0.571265,0
245,195179,13,47,670.873264,0.874705,0.125295,0.000000,0.074260,0.395425,0
27403,1989227,1,12466,68.778750,0.886027,0.078073,0.008319,0.576827,0.525120,1
11477,2058629,251,69,138.981587,0.920347,0.039372,0.020590,0.625164,0.759011,1
4932,1881180,374,40,315.401252,0.043057,0.755703,0.004798,0.077730,0.759689,1
222,76468,11,29,342.639666,0.865883,0.134117,0.000000,0.096155,0.581490,0
183,105367,9,61,713.926628,0.829305,0.149259,0.013468,0.094865,0.517593,0
121,93706,16,23,662.536368,0.771267,0.147671,0.009524,0.039531,0.474836,0
6011,5564842,922,20,736.071418,0.906843,0.055884,0.009531,0.083637,0.905920,1
21143,10121439,259,243,416.128645,0.089996,0.674565,0.008224,0.024864,0.875363,1
9397,1288361,197,187,119.198712,0.862291,0.038221,0.028818,0.813353,0.954726,1
3774,1719328,2077,20,423.506646,0.077277,0.716935,0.008854,0.076376,0.819716,1
229,128220,7,113,588.282317,0.897200,0.102800,0.000000,0.102714,0.538000,0
20863,1383229,528,65,60.000000,0.937919,0.047604,0.010050,0.601421,0.789511,1
17384,1425761,102,367,84.525452,0.914799,0.035874,0.009164,0.787219,0.948174,1
346,176120,1,346,631.336206,0.773206,0.016379,0.029889,0.087361,0.174338,0
106,63566,1,106,587.987703,0.776268,0.157271,0.041164,0.050355,0.561305,0
101,48474,13,23,597.121909,0.957278,0.042722,0.000000,0.058590,0.316783,0
141,67416,14,29,595.361629,0.790410,0.082239,0.035184,0.065029,0.558677,0
116,76850,8,25,575.782308,0.872989,0.019232,0.049734,0.082817,0.476784,0
14443,1267912,242,207,94.004248,0.950987,0.048670,0.000150,0.975794,0.869240,1
5456,1848940,135,133,294.785670,0.199690,0.660500,0.019430,0.039193,0.703664,1
10159,10807401,426,59,996.589476,0.959177,0.036370,0.001433,0.178650,0.796000,1
206,94745,5,96,563.801989,0.797770,0.187294,0.004938,0.010301,0.485817,0
505,337941,4,301,726.860090,0.867190,0.132810,0.000000,0.016003,0.598956,0
155,108396,18,13,676.412226,0.787806,0.098550,0.020326,0.068952,0.616317,0
29358,29519959,632,107,828.133204,0.903899,0.044425,0.018497,0.051660,0.755650,1
22168,2146581,132,499,83.230915,0.989821,0.010179,0.000000,0.738365,0.728482,1
510,235328,8,200,567.192544,0.967393,0.032607,0.000000,0.055363,0.571272,0
11399,1066907,3,7746,79.278961,0.907784,0.070001,0.016626,0.678533,0.280356,1
196,68736,14,19,352.289974,0.757098,0.154601,0.014604,0.040234,0.410804,0
8476,655005,247,133,77.718972,0.930625,0.022857,0.002996,0.666078,0.741873,1
339,209451,1,339,644.480896,0.756814,0.061932,0.049629,0.063966,0.327906,0
171,102765,6,80,565.777369,0.750250,0.100593,0.006635,0.034881,0.489991,0
188,66324,13,40,378.399050,0.812311,0.057767,0.006033,0.031184,0.203777,0
562,357314,3,388,759.242957,0.877121,0.020662,0.000473,0.028852,0.399929,0
9380,5218849,454,63,436.713643,0.035129,0.964871,0.000000,0.045380,0.968471,1
117,48207,2,117,502.707524,0.864247,0.135753,0.000000,0.097875,0.453532,0
6638,6734906,166,150,1079.771228,0.945057,0.043713,0.002716,0.122642,0.850395,1
6109,834756,166,84,125.605557,0.909146,0.051476,0.012635,0.558773,0.727363,1
9544,1017040,461,34,85.381818,0.879635,0.065385,0.015694,0.954239,0.905929,1
103,62236,2,103,560.870955,0.794221,0.056839,0.027904,0.034735,0.636455,0
4815,6176961,380,49,1107.761004,0.902232,0.037807,0.015432,0.075593,0.846091,1
151,103276,8,57,719.441744,0.937033,0.062967,0.000000,0.091265,0.492707,0
16397,16433985,328,132,915.754086,0.930229,0.034722,0.013115,0.161628,0.858830,1
224,138460,4,131,614.507699,0.820964,0.014403,0.047262,0.065599,0.633343,0
10168,3973005,236,79,373.906953,0.071152,0.928848,0.000000,0.055837,0.778797,1
10271,3541691,561,54,346.476875,0.036607,0.963393,0.000000,0.070765,0.809186,1
6705,441916,618,20,61.434246,0.968978,0.031022,0.000000,0.815627,0.895621,1
11813,6479043,8,9588,474.793269,0.131934,0.868066,0.000000,0.021435,0.562734,1
102,53275,14,15,634.295503,0.976621,0.023379,0.000000,0.060051,0.353504,0
50000,6026795,1194,105,99.168775,0.970683,0.029317,0.000000,0.714549,0.798867,1
411,262717,5,168,567.536462,0.904975,0.095025,0.000000,0.097643,0.512662,0
172,78754,8,34,409.913867,0.768163,0.175460,0.030986,0.036491,0.606415,0
3822,420294,114,106,106.197600,0.889657,0.024483,0.002137,0.813703,0.729660,1
331,122341,21,25,445.488834,0.836355,0.149077,0.007969,0.108794,0.174552,0
8305,3123374,230,115,322.972741,0.064060,0.699579,0.030101,0.065356,0.834126,1
13479,1436104,2,11818,106.750441,0.959603,0.014237,0.014138,0.622321,0.422061,1
313,278083,14,49,773.212575,0.909620,0.090380,0.000000,0.097576,0.288684,0
13320,816485,11,6077,60.000000,0.891247,0.016751,0.020852,0.806984,0.451720,1
72,15765,15,8,244.732508,0.822452,0.162155,0.010786,0.090889,0.299029,0
17924,10287562,392,80,470.086687,0.056272,0.943728,0.000000,0.004960,0.715621,1
19436,1608495,4,10075,74.834050,0.945853,0.054147,0.000000,0.950865,0.220625,1
81,48002,10,13,566.756419,0.886207,0.083879,0.021082,0.032636,0.526163,0
8729,3494344,8,4901,398.209205,0.120966,0.742730,0.021504,0.072223,0.265994,1
150,84001,15,29,612.724700,0.853253,0.111462,0.010919,0.098949,0.374508,0
24921,2060573,465,191,84.834710,0.911250,0.029471,0.020911,0.631604,0.956053,1
684,306198,16,144,489.090983,0.937120,0.062880,0.000000,0.044597,0.299637,0
66,26908,17,13,476.302226,0.916558,0.083442,0.000000,0.015907,0.354544,0
211,88674,11,25,427.650148,0.856347,0.143653,0.000000,0.053554,0.556227,0
250,160747,7,65,548.116391,0.900555,0.057574,0.015569,0.109418,0.232763,0
11156,8931285,262,85,867.437259,0.933195,0.000485,0.011729,0.142094,0.954380,1
224,133453,15,43,733.474069,0.799481,0.089768,0.017045,0.050706,0.500798,0
177,76402,9,40,379.536823,0.898889,0.101111,0.000000,0.021891,0.181919,0
6525,8990765,673,20,1269.109182,0.978678,0.021322,0.000000,0.086676,0.819253,1
334,206358,10,71,669.585140,0.865580,0.134420,0.000000,0.044208,0.208708,0
231,147488,13,48,583.302621,0.955201,0.026518,0.007713,0.013278,0.253319,0
6050,728762,784,25,100.807604,0.977442,0.022558,0.000000,0.797737,0.899261,1
367,163086,7,81,520.698362,0.921979,0.078021,0.000000,0.070416,0.385414,0
2750,3789510,50,201,1449.668553,0.935086,0.013761,0.014752,0.099769,0.830814,1
4002,1476228,5,2342,408.813565,0.148420,0.733527,0.042771,0.043480,0.364061,1
136,109380,2,136,759.076183,0.776003,0.142272,0.002932,0.113671,0.229698,0
10740,18976133,196,147,1464.929239,0.909552,0.047214,0.006027,0.035571,0.849371,1
2639,2368870,147,55,761.833869,0.980991,0.019009,0.000000,0.181280,0.958355,1
462,350523,17,67,696.240240,0.860261,0.139739,0.000000,0.115272,0.143667,0
18444,3112994,7,14232,139.115383,0.869330,0.086383,0.003573,0.648802,0.520341,1
230,151378,15,53,714.207592,0.777244,0.155244,0.030316,0.096981,0.252844,0
9878,588390,331,93,60.000000,0.951446,0.048554,0.000000,0.923083,0.948959,1
259,160452,12,58,666.125090,0.870860,0.069613,0.008659,0.110334,0.317164,0
15909,6090645,171,169,317.526082,0.059274,0.940726,0.000000,0.014630,0.847206,1
16327,2347825,66,658,143.765358,0.898112,0.039934,0.005832,0.566243,0.829180,1
5591,1174087,1418,20,173.033826,0.056461,0.691364,0.003930,0.055265,0.730189,1
6575,7974015,467,49,1114.303655,0.906575,0.033420,0.001042,0.187592,0.898678,1
223,130699,2,223,495.943151,0.753839,0.022831,0.013109,0.014381,0.180234,0
174,65536,8,60,437.322304,0.894972,0.067212,0.025022,0.082873,0.284989,0
231,56246,6,108,247.286224,0.850845,0.065353,0.034642,0.100086,0.547828,0
6708,12632733,1423,20,1682.128691,0.936378,0.007653,0.005884,0.086460,0.941149,1
9572,14371366,157,181,1207.742008,0.976630,0.016671,0.000888,0.070575,0.742318,1
237,129194,9,57,595.917971,0.883396,0.116604,0.000000,0.058638,0.256851,0
12999,7890536,102,315,518.719550,0.120431,0.828587,0.022630,0.049289,0.843058,1
161,94520,2,161,672.870092,0.832478,0.015475,0.034223,0.102239,0.636722,0
345,342824,5,127,1009.161690,0.837831,0.110217,0.048313,0.099858,0.550630,0
272,127177,13,56,545.387213,0.800840,0.067095,0.003048,0.114337,0.583857,0
482,371539,15,47,701.282572,0.938439,0.061561,0.000000,0.012825,0.295979,0
100,70766,13,11,658.047573,0.917631,0.082369,0.000000,0.053076,0.641142,0
314,246775,8,81,810.613590,0.830203,0.057880,0.023335,0.084492,0.562155,0
333,286868,7,88,763.562639,0.818668,0.121518,0.049945,0.063860,0.224298,0
9570,739638,216,137,60.458493,0.878614,0.003791,0.027702,0.807172,0.912938,1
3051,2727077,372,23,780.491110,0.934874,0.031444,0.009951,0.119264,0.718670,1
75,67298,3,75,827.224960,0.896671,0.103329,0.000000,0.023350,0.250490,0
97,56079,7,21,608.132156,0.941209,0.058791,0.000000,0.028209,0.368837,0
4569,4181995,296,46,826.168750,0.989552,0.010448,0.000000,0.121274,0.898404,1
165,92172,7,67,525.281685,0.931488,0.024053,0.044046,0.062716,0.350403,0
105,50080,8,23,422.331842,0.829617,0.062373,0.046871,0.089753,0.206422,0
15157,13221881,553,58,735.557517,0.953599,0.021020,0.005691,0.161262,0.791797,1
88,63838,12,18,617.806873,0.858714,0.141286,0.000000,0.030945,0.194465,0
505,384617,13,93,734.039913,0.974870,0.025130,0.000000,0.024518,0.574407,0
233,148527,13,51,641.510907,0.974620,0.025380,0.000000,0.021058,0.241059,0
459,246219,1,459,609.752011,0.785048,0.033982,0.033473,0.072037,0.258982,0
3795,2312837,6,2549,510.651133,0.948745,0.027245,0.015518,0.111072,0.345630,1
6304,2701861,179,125,407.088581,0.037803,0.962197,0.000000,0.059715,0.903478,1
13463,20904063,1917,22,1237.445553,0.900571,0.010765,0.001783,0.137316,0.757725,1
276,138342,16,33,437.262359,0.778629,0.079924,0.044474,0.091764,0.585319,0
337,174304,11,39,587.896560,0.964675,0.035325,0.000000,0.069733,0.274657,0
335,225214,2,300,560.707115,0.846270,0.083772,0.001766,0.087888,0.436021,0
8171,9732208,211,108,982.834622,0.921533,0.000017,0.003149,0.199427,0.906339,1
321,210693,1,321,754.062101,0.935428,0.064572,0.000000,0.013103,0.500280,0
8304,7466264,50,584,875.907859,0.964910,0.002818,0.018368,0.115834,0.977274,1
308,259659,13,32,817.969943,0.854695,0.078424,0.024981,0.072357,0.327844,0
1200,530414,13,136,504.623954,0.945048,0.054952,0.000000,0.080587,0.442573,0
123,62099,7,54,627.346574,0.975990,0.024010,0.000000,0.050946,0.465149,0
200,83320,12,52,507.049662,0.781594,0.048056,0.020460,0.072634,0.599310,0
9655,14172507,249,151,1171.267190,0.933133,0.040398,0.013864,0.196055,0.721545,1
235,148084,1,235,540.763123,0.952916,0.043400,0.003388,0.119689,0.348497,0
308,167480,1,308,603.577253,0.754458,0.112490,0.049995,0.048496,0.475072,0
436,169914,14,71,463.628602,0.948732,0.051268,0.000000,0.027892,0.178855,0
450,74267,8,137,155.247942,0.845047,0.045641,0.018089,0.093209,0.462704,0
112,49700,11,33,493.100005,0.851920,0.148080,0.000000,0.015565,0.647641,0
15283,4511208,130,464,308.044043,0.068711,0.931289,0.000000,0.002381,0.746011,1
244,127774,14,56,499.338479,0.771379,0.164843,0.009143,0.054086,0.623155,0
3498,1335169,190,32,296.576255,0.099050,0.900950,0.000000,0.044358,0.892876,1
7648,3281039,227,106,430.981791,0.095105,0.904895,0.000000,0.029972,0.761759,1
16968,13495114,6,7991,824.022927,0.986854,0.013146,0.000000,0.173422,0.501023,1
8575,3832071,127,182,396.309385,0.091748,0.732453,0.015015,0.045639,0.836717,1
14237,10961204,161,152,788.045650,0.939812,0.000363,0.017397,0.032597,0.865937,1
217,129041,4,109,532.713558,0.955965,0.044035,0.000000,0.019348,0.534477,0
12876,894444,1,4973,60.000000,0.962329,0.037671,0.000000,0.683468,0.558280,1
11629,686311,313,122,60.000000,0.970317,0.029683,0.000000,0.640234,0.869338,1
9291,2580319,245,135,301.964788,0.107394,0.892606,0.000000,0.050452,0.829177,1
9018,16671083,357,48,1524.453572,0.971909,0.028091,0.000000,0.195439,0.733057,1
3717,1421525,523,21,379.014079,0.233237,0.766763,0.000000,0.052165,0.829110,1
258,209916,1,258,769.987564,0.788694,0.161045,0.008463,0.089234,0.394158,0
310,252512,10,98,739.572203,0.969289,0.030711,0.000000,0.070075,0.451626,0
13366,13672774,1,11936,1109.938157,0.920611,0.043972,0.006855,0.057047,0.520581,1
8064,3740167,113,190,452.498077,0.033064,0.966936,0.000000,0.063848,0.843546,1
13419,9468629,131,343,691.362892,0.979891,0.020109,0.000000,0.055513,0.735282,1
5873,9010968,817,25,1206.734547,0.900508,0.027980,0.018750,0.027189,0.784323,1
4534,3861817,592,27,890.151070,0.989192,0.010808,0.000000,0.162417,0.836862,1
531,298851,2,396,649.305032,0.929659,0.061065,0.008223,0.094857,0.164678,0
4202,4311892,191,53,1054.014890,0.923656,0.016164,0.019171,0.081757,0.812166,1
5507,3255909,2,2188,522.582342,0.120722,0.879278,0.000000,0.026492,0.381721,1
14723,5720050,76,363,368.958313,0.134583,0.865417,0.000000,0.062193,0.840672,1
215,77956,5,114,411.360215,0.810716,0.102821,0.045267,0.103071,0.196149,0
14850,1460727,297,164,91.938192,0.909377,0.082007,0.003314,0.647069,0.775390,1
3815,390333,2,2990,87.818973,0.915058,0.051041,0.011904,0.765932,0.445614,1
68,35981,4,35,641.053997,0.979108,0.020892,0.000000,0.104686,0.155741,0
364,220051,11,115,732.325114,0.964954,0.023114,0.011142,0.013491,0.352433,0
6111,8823093,147,80,1222.015999,0.940918,0.002786,0.019612,0.078333,0.883029,1
4466,1609875,1926,20,348.980708,0.142275,0.857725,0.000000,0.028450,0.958380,1
467,316473,9,161,578.399981,0.811513,0.044279,0.035135,0.043988,0.319912,0
6684,2835214,1023,20,437.249408,0.255465,0.744535,0.000000,0.061889,0.919509,1
212,108576,6,112,564.704853,0.976662,0.023338,0.000000,0.115905,0.542846,0
10692,605061,1252,20,62.329139,0.952890,0.047110,0.000000,0.891230,0.903462,1
125,96967,5,76,737.185682,0.932815,0.067185,0.000000,0.049502,0.422259,0
15978,17230692,3,6919,1125.525311,0.914466,0.057874,0.000106,0.036396,0.232016,1
5068,2635885,567,27,542.940060,0.980067,0.019933,0.000000,0.133708,0.860059,1
13651,1184466,500,84,80.848797,0.881870,0.025865,0.011641,0.820993,0.873138,1
204,174281,18,38,716.371980,0.765853,0.098368,0.014115,0.102933,0.297650,0
444,187327,3,388,505.718582,0.933553,0.066447,0.000000,0.026964,0.505839,0
7727,1927880,5,3235,219.963664,0.052253,0.659906,0.014529,0.015552,0.269659,1
5688,2107202,572,25,294.182748,0.276606,0.723394,0.000000,0.073100,0.810410,1
9012,1032556,463,42,97.298450,0.937545,0.051661,0.008635,0.813683,0.752640,1
117,53076,20,9,411.659343,0.867098,0.105015,0.001263,0.025074,0.296520,0
166,142219,4,77,796.569794,0.838910,0.040952,0.028613,0.116141,0.578556,0
86,39569,13,22,550.016102,0.942270,0.057730,0.000000,0.119953,0.480141,0
8029,5101049,10,4428,491.732823,0.045569,0.954431,0.000000,0.078219,0.554313,1
14108,1575722,290,189,118.278376,0.874056,0.085971,0.012326,0.617525,0.942396,1
6135,3237287,703,22,510.401700,0.183054,0.816946,0.000000,0.051767,0.915329,1
16751,2390457,8,14095,125.183826,0.926995,0.050469,0.014818,0.779577,0.420033,1
300,151272,11,44,528.841947,0.896165,0.103835,0.000000,0.119989,0.425456,0
5351,529473,2,3900,101.441087,0.961715,0.038285,0.000000,0.785731,0.458396,1
177,88935,17,35,436.587484,0.750336,0.134888,0.042450,0.089994,0.187975,0
4815,4874420,142,83,1078.743086,0.982953,0.017047,0.000000,0.084628,0.775174,1
8601,885950,108,306,79.694735,0.928231,0.006701,0.021280,0.638026,0.862433,1
22775,2491415,284,212,101.166378,0.947946,0.052054,0.000000,0.929434,0.747824,1
8660,4600646,3,3663,478.124854,0.966843,0.033157,0.000000,0.070361,0.417770,1
102,63285,6,34,647.132981,0.843386,0.117350,0.038880,0.034844,0.492021,0
106,27798,18,19,258.502748,0.776529,0.194376,0.005195,0.115879,0.266733,0
6102,5691413,137,135,1032.308424,0.947745,0.052255,0.000000,0.196604,0.873917,1
18536,12596410,441,106,691.237198,0.980679,0.008374,0.006428,0.035494,0.956035,1
506,321550,2,506,691.501761,0.769493,0.035450,0.005893,0.043592,0.241522,0
7869,3554591,731,20,475.053271,0.112459,0.887541,0.000000,0.016177,0.796201,1
145,39942,6,58,328.659480,0.759787,0.050169,0.043406,0.107631,0.387750,0
166,48600,7,70,336.506145,0.856863,0.142124,0.000640,0.099265,0.181550,0
6911,4189491,494,34,484.439842,0.039417,0.960583,0.000000,0.070533,0.804791,1
224,153599,13,55,622.302480,0.768830,0.094882,0.035188,0.018591,0.426084,0
5972,2125635,350,59,351.919076,0.023082,0.976918,0.000000,0.058016,0.880273,1
4627,3400779,191,39,653.404736,0.179388,0.820612,0.000000,0.024003,0.927869,1
339,155266,12,53,571.034120,0.832781,0.061256,0.006625,0.030613,0.370422,0
12081,6165897,350,134,405.840536,0.193431,0.661234,0.002844,0.047531,0.724188,1
91,72570,10,26,817.050142,0.894458,0.038761,0.020585,0.085522,0.579981,0
14471,5833567,107,282,373.435109,0.054668,0.817475,0.037828,0.075307,0.908812,1
12908,1731329,164,229,114.275751,0.861086,0.080154,0.009012,0.973200,0.854278,1
15006,6877820,2,8229,379.993278,0.910655,0.019056,0.017593,0.150874,0.364501,1
127,83773,9,24,629.618801,0.817874,0.088279,0.027534,0.016708,0.289888,0
4203,1463419,3,2135,342.274232,0.186212,0.813788,0.000000,0.050182,0.377544,1
14634,14440779,101,327,969.047239,0.901118,0.043907,0.018999,0.043888,0.896925,1
2479,2671428,198,35,1066.048096,0.920289,0.021163,0.005347,0.142441,0.734359,1
152,52183,5,98,420.980605,0.826244,0.055140,0.037287,0.111292,0.598516,0
4170,4422420,638,24,1171.618278,0.986103,0.013897,0.000000,0.119382,0.932395,1
99,43198,8,23,517.742883,0.968229,0.031771,0.000000,0.098448,0.314771,0
19097,1608059,569,111,67.754711,0.873791,0.097014,0.024962,0.587184,0.906130,1
8964,5431871,6,5075,641.305838,0.200871,0.799129,0.000000,0.024185,0.209974,1
12205,12170091,412,85,911.738556,0.910357,0.003638,0.009296,0.093274,0.919860,1
12184,9207367,1201,32,622.009709,0.054562,0.945438,0.000000,0.043051,0.798839,1
635,283013,13,88,375.732701,0.935886,0.064114,0.000000,0.057913,0.509513,0
148,87417,8,64,600.681962,0.979102,0.020898,0.000000,0.039172,0.616630,0
5650,2815377,10,4202,421.479279,0.248358,0.749896,0.001193,0.021957,0.564953,1
137,72359,10,37,528.723783,0.773608,0.088344,0.027857,0.010019,0.195448,0
23457,12898792,962,61,448.449114,0.110374,0.889626,0.000000,0.027798,0.701302,1
437,152349,6,231,332.846130,0.882791,0.117209,0.000000,0.035069,0.294694,0
14981,14664603,761,46,780.863475,0.987513,0.012487,0.000000,0.134364,0.870389,1
290,197643,10,73,645.032221,0.899760,0.100240,0.000000,0.080289,0.399019,0
516,304750,1,516,552.868232,0.766094,0.136205,0.016510,0.044531,0.574008,0
15637,7546632,519,60,471.244811,0.080094,0.919906,0.000000,0.046007,0.977504,1
131,96670,5,73,640.505316,0.813542,0.011929,0.047403,0.019417,0.510037,0
6704,3199013,175,118,491.646941,0.107210,0.889246,0.002558,0.019594,0.776121,1
8481,645272,536,53,60.000000,0.884957,0.061860,0.004680,0.595876,0.851613,1
19417,2278569,119,620,108.875334,0.947584,0.000843,0.013881,0.952587,0.800190,1
166,65317,9,35,451.275166,0.800375,0.180195,0.015127,0.016445,0.645766,0
126,85077,8,21,567.478945,0.870994,0.106392,0.022350,0.070957,0.345227,0
265,126291,15,48,539.878661,0.968582,0.031418,0.000000,0.034521,0.367230,0
176,68274,11,55,362.767146,0.772636,0.086498,0.016965,0.104784,0.272328,0
194,117538,7,68,519.590141,0.928368,0.071632,0.000000,0.049519,0.280781,0
276,144299,14,37,544.065241,0.779276,0.089885,0.047018,0.084505,0.593403,0
127,112240,11,31,766.547076,0.858235,0.111971,0.025240,0.057402,0.589228,0
329,116641,1,329,406.298870,0.896000,0.103428,0.000052,0.048276,0.316654,0
6260,4715091,1187,20,662.452549,0.968134,0.009602,0.000558,0.163388,0.730924,1
89,53408,9,14,567.676049,0.856191,0.019554,0.018955,0.033283,0.313423,0
10840,653742,155,120,64.175997,0.970351,0.029649,0.000000,0.599297,0.785902,1
250,107048,13,32,443.124444,0.846633,0.153367,0.000000,0.086508,0.572366,0
108,77119,13,28,741.317752,0.757525,0.080401,0.022169,0.114561,0.571725,0
12246,7869641,478,55,503.758387,0.163282,0.836718,0.000000,0.058560,0.765525,1
8116,8522303,114,144,830.355203,0.904776,0.006761,0.002984,0.171881,0.770387,1
142,101364,10,48,784.669307,0.877273,0.122727,0.000000,0.105531,0.395439,0
9051,7350777,164,167,682.264770,0.949277,0.005108,0.004201,0.153457,0.770768,1
5410,1701017,1444,20,309.751241,0.138617,0.861383,0.000000,0.053273,0.914121,1
8237,3202286,70,441,408.676776,0.223165,0.682407,0.024360,0.026468,0.788980,1
202,128720,4,134,666.354409,0.941941,0.058059,0.000000,0.086854,0.514979,0
289,207409,9,98,763.952035,0.850986,0.149014,0.000000,0.036064,0.555351,0
5187,5054073,1,3903,906.951086,0.921884,0.047822,0.001210,0.076100,0.324475,1
4436,4440172,784,20,886.187361,0.942652,0.017390,0.018880,0.196524,0.892961,1
100,33744,7,27,404.379790,0.979907,0.020093,0.000000,0.094608,0.561670,0
386,214004,10,101,642.454049,0.905013,0.061700,0.022034,0.063423,0.371022,0
44019,3605858,436,301,63.285755,0.871274,0.018793,0.003946,0.561265,0.764655,1
26947,28667703,256,256,902.201735,0.971272,0.018784,0.001868,0.158624,0.861702,1
5780,6783973,338,36,994.788094,0.936754,0.051774,0.000642,0.116025,0.777765,1
4989,2783569,318,27,568.352537,0.954270,0.036470,0.008027,0.196431,0.859464,1
98,59511,5,46,582.508530,0.838595,0.119552,0.010661,0.087966,0.150846,0
319,136036,6,101,444.999033,0.828088,0.073283,0.008407,0.066153,0.207013,0
19509,19512857,2,8411,1017.619529,0.952307,0.038286,0.007437,0.136953,0.370009,1
175,108442,14,26,678.602232,0.827824,0.123598,0.038338,0.081204,0.174956,0
28161,13929561,80,806,468.412320,0.061083,0.650061,0.007461,0.042500,0.859677,1
7184,6377233,263,46,934.792018,0.963417,0.000798,0.000424,0.156609,0.738516,1
455,357230,5,176,811.288961,0.845739,0.146855,0.002009,0.018568,0.336404,0
492,189721,11,58,441.332831,0.966445,0.033555,0.000000,0.054078,0.185041,0
6675,6205822,7,2264,817.678914,0.931614,0.039674,0.004952,0.136655,0.321965,1
415,221641,6,120,585.219753,0.761416,0.118636,0.041993,0.026895,0.330414,0
96,43491,5,63,526.142452,0.765441,0.168037,0.004662,0.020622,0.519398,0
587,432756,1,587,644.285141,0.835926,0.164074,0.000000,0.021114,0.300883,0
481,180850,6,117,388.787376,0.754797,0.071706,0.040066,0.077994,0.566013,0
48,34840,9,11,711.258327,0.962030,0.037970,0.000000,0.105043,0.288124,0
5453,3492949,6,2919,687.225671,0.944856,0.022284,0.013939,0.025713,0.417277,1
139,80493,17,11,650.887268,0.944436,0.055564,0.000000,0.073151,0.539611,0
115,78174,13,11,681.649074,0.849976,0.090009,0.024212,0.018461,0.269850,0
208,134432,9,49,651.788915,0.907802,0.092198,0.000000,0.018084,0.190395,0
147,89106,9,27,548.036909,0.799669,0.175242,0.008243,0.026231,0.600266,0
376,108725,18,31,312.338931,0.813703,0.026007,0.027670,0.076001,0.437797,0
25439,39431037,7,21060,1472.540325,0.908583,0.038535,0.000747,0.165501,0.373722,1
64,51735,12,6,957.837024,0.822149,0.038772,0.034525,0.055142,0.533486,0
3245,1617198,636,20,414.617962,0.122380,0.789775,0.013778,0.054448,0.855375,1
170,56033,2,170,393.687806,0.813992,0.186008,0.000000,0.114528,0.313645,0
157,113376,13,35,639.299019,0.924683,0.075317,0.000000,0.066680,0.223486,0
7784,887051,580,30,106.116881,0.945691,0.039007,0.004019,0.778090,0.848471,1
613,299416,14,151,432.903829,0.863926,0.017034,0.025115,0.074920,0.576850,0
77,50637,13,16,720.063480,0.861926,0.136755,0.000060,0.053479,0.443662,0
201,136817,16,21,668.662620,0.885531,0.114469,0.000000,0.098640,0.487070,0
4195,1295283,5,2012,288.491079,0.185066,0.814934,0.000000,0.018039,0.434782,1
119,34189,11,30,312.186121,0.935329,0.064671,0.000000,0.116456,0.426643,0
154,121746,21,14,687.116961,0.900751,0.085170,0.012876,0.060474,0.260440,0
6637,7406907,608,20,1070.920420,0.910862,0.013446,0.005156,0.081258,0.893238,1
2000,1364184,157,21,728.031620,0.940888,0.008793,0.008514,0.094170,0.889510,1
487,177287,11,59,385.927231,0.872918,0.051388,0.021482,0.033304,0.282268,0
330,158804,1,330,523.345963,0.926059,0.073941,0.000000,0.098260,0.450017,0
90,60620,1,90,653.274963,0.884210,0.042397,0.031451,0.078171,0.570584,0
4651,2142793,6,3482,435.385157,0.202844,0.753449,0.031051,0.048431,0.408374,1
215,96304,12,28,473.980306,0.799264,0.190057,0.005193,0.034920,0.214783,0
225,129985,16,27,566.750995,0.978764,0.021236,0.000000,0.076597,0.187589,0
8677,12714246,160,152,1229.186354,0.933172,0.034816,0.019235,0.034411,0.870820,1
5775,3743057,279,50,587.269994,0.905839,0.030517,0.015026,0.136113,0.894463,1
16939,7959075,111,563,397.637969,0.040084,0.959916,0.000000,0.051312,0.945778,1
14490,1529586,8,7701,107.759859,0.874869,0.082647,0.018101,0.561541,0.282357,1
14544,15701405,74,386,839.671924,0.967960,0.032040,0.000000,0.159706,0.748663,1
179,77700,4,56,493.349011,0.789291,0.065444,0.004097,0.102815,0.304177,0
4129,612667,81,115,130.482335,0.952945,0.013994,0.005793,0.859488,0.849503,1
302,211131,13,30,610.314547,0.865896,0.064960,0.040789,0.090467,0.303452,0
7979,4478197,341,61,568.436008,0.157776,0.708886,0.007194,0.061497,0.951023,1
79,57893,1,79,857.662811,0.967874,0.032126,0.000000,0.116103,0.634363,0
17322,6970879,6,10701,403.162782,0.220256,0.737785,0.017413,0.050355,0.514886,1
103,79425,10,28,785.325919,0.904638,0.095362,0.000000,0.113432,0.204173,0
18301,1403831,81,711,82.055406,0.850575,0.093234,0.020612,0.805544,0.787495,1
34087,3505587,372,279,95.418588,0.902375,0.055055,0.004030,0.586132,0.819309,1
412,167047,6,101,435.104152,0.831328,0.136415,0.024202,0.105490,0.510530,0
349,308031,16,26,849.731763,0.868536,0.055968,0.007179,0.057216,0.445405,0
189,104646,20,15,571.245485,0.874038,0.125962,0.000000,0.044289,0.627575,0
652,513908,9,252,814.137890,0.837970,0.162030,0.000000,0.051321,0.491365,0
362,237315,6,107,723.517784,0.765593,0.058765,0.005402,0.010141,0.342969,0
136,120733,13,14,832.015426,0.829072,0.112875,0.048535,0.074870,0.420801,0
149,91441,17,17,662.161754,0.964751,0.035249,0.000000,0.023406,0.474311,0
6784,500300,378,60,60.000000,0.877896,0.083228,0.008684,0.760952,0.762866,1
150,46427,10,47,368.783004,0.780909,0.195102,0.010630,0.100841,0.284710,0
311,158902,17,40,544.394576,0.808982,0.101025,0.010103,0.069244,0.602512,0
42,22351,11,6,475.955955,0.755443,0.046695,0.016413,0.105079,0.631445,0
14762,4775922,263,173,332.998951,0.167334,0.712522,0.012438,0.050026,0.800230,1
140,98563,10,44,711.094511,0.766750,0.088744,0.031488,0.031388,0.498177,0
26720,3173951,410,222,121.205994,0.892259,0.080413,0.011831,0.782177,0.750568,1
108,88958,10,16,935.391729,0.914896,0.085104,0.000000,0.045595,0.160956,0
759,548179,9,282,703.785449,0.782348,0.151615,0.011900,0.118062,0.233944,0
4123,1700038,1,3037,348.534070,0.112353,0.700030,0.019567,0.000296,0.524910,1
8541,3141110,7,4488,336.692296,0.139207,0.860793,0.000000,0.017051,0.360125,1
83,44856,12,8,651.106193,0.853616,0.122824,0.006862,0.035462,0.499478,0
3014,2706457,195,51,739.338877,0.101563,0.898437,0.000000,0.034555,0.853483,1
13613,4045283,705,35,322.709066,0.081569,0.918431,0.000000,0.002188,0.812185,1
17787,28011115,293,159,1317.266310,0.913335,0.025313,0.002329,0.182435,0.767936,1
11734,1526913,159,237,108.140427,0.907709,0.015572,0.000317,0.775026,0.837741,1
167,137458,5,76,714.092134,0.768160,0.181528,0.035715,0.065231,0.600228,0
13626,13783757,101,275,1088.406188,0.921341,0.024756,0.003999,0.180446,0.870641,1
257,175678,8,88,572.775515,0.841912,0.153010,0.004904,0.057350,0.155274,0
287,130296,6,116,520.999290,0.871634,0.128366,0.000000,0.010382,0.161368,0
6772,671319,366,60,105.856006,0.940801,0.059199,0.000000,0.865303,0.903525,1
249,197456,2,190,671.397042,0.889742,0.110258,0.000000,0.017396,0.539258,0
212,114500,11,35,590.726415,0.823533,0.112629,0.006919,0.035439,0.494975,0
3603,1764177,287,30,437.943268,0.109076,0.780109,0.019139,0.030525,0.958855,1
398,189162,9,94,436.448393,0.900600,0.039329,0.023475,0.116612,0.319281,0
7332,5022981,275,45,571.489411,0.987860,0.012140,0.000000,0.189155,0.715195,1
4990,7072833,373,51,1222.243122,0.909975,0.014976,0.014271,0.158169,0.826417,1
10889,1321971,90,452,114.832773,0.875168,0.058545,0.026830,0.784955,0.950823,1
8301,8783853,9,5792,974.386172,0.905410,0.012042,0.013931,0.068831,0.565148,1
6137,5756332,2,4454,990.740704,0.948085,0.009958,0.012114,0.053728,0.308599,1
10338,988509,8,8198,104.703527,0.959554,0.023620,0.003042,0.776777,0.535046,1
7154,873737,77,311,117.788590,0.947168,0.043115,0.009524,0.793901,0.899334,1
36466,18260365,98,980,498.724077,0.067252,0.881416,0.020052,0.034312,0.888611,1
32256,3473215,3,19366,104.929287,0.882364,0.038070,0.029298,0.592830,0.383195,1
7565,7184383,534,49,826.572561,0.924239,0.039480,0.006589,0.027892,0.908264,1
263,122701,9,57,524.280853,0.885311,0.053722,0.011011,0.017809,0.465551,0
113,83094,12,19,697.492215,0.835142,0.049806,0.013349,0.113032,0.470018,0
98,35499,10,20,403.849354,0.937794,0.062206,0.000000,0.072024,0.446114,0
137,68074,13,18,549.467988,0.923364,0.076636,0.000000,0.089517,0.149718,0
117,58317,10,26,501.871149,0.850778,0.142385,0.002180,0.043029,0.555093,0
7984,1403437,2053,20,160.422880,0.921598,0.014737,0.013639,0.602542,0.707490,1
190,104587,12,32,600.885107,0.891537,0.057171,0.043265,0.027567,0.309718,0
8086,5052786,437,62,509.998984,0.037485,0.962515,0.000000,0.070089,0.969147,1
352,312040,2,352,775.073001,0.822832,0.146556,0.023247,0.105962,0.167950,0
8815,1184996,50,450,110.295019,0.883058,0.023848,0.004499,0.561913,0.953584,1
10850,957940,301,61,70.038174,0.853461,0.044169,0.007969,0.582632,0.777399,1
8371,8841474,1118,26,918.363494,0.935406,0.009420,0.006936,0.083344,0.875222,1
245,200607,13,27,751.594744,0.808855,0.053920,0.049433,0.042562,0.376139,0
10763,818720,4,6086,77.126344,0.898289,0.030809,0.013367,0.791244,0.265516,1
11869,7415151,6,9277,616.651886,0.047742,0.952258,0.000000,0.043219,0.378223,1
8118,11221234,589,32,1090.081323,0.905962,0.040055,0.015091,0.160827,0.725418,1
5655,1609112,3,2352,271.104501,0.160651,0.807279,0.019393,0.056962,0.212892,1
487,447571,9,97,810.694534,0.959485,0.040515,0.000000,0.052691,0.348677,0
